id,First name,Gender,Age,Workout experience,Workout time,Weight,Height,BMI,Fitness goal,Workout Type
1,Libbie,Female,45,3,120,93,179,29.02531132,muscle up,
2,Kati,Female,44,4,120,35,185,10.22644266,weight loss,
3,Engracia,Female,23,2,120,65,195,17.09401709,weight loss,
4,Willey,Male,20,0,120,38,181,11.59915753,weight loss,
5,Loydie,Male,62,6,120,44,155,18.31425598,weight loss,
6,Bertram,Male,27,8,120,68,151,29.82325337,muscle up,
7,Kimmy,Female,40,0,120,86,204,20.6651288,weight loss,
8,Rutger,Male,25,2,120,92,180,28.39506173,weight loss,
9,Amabelle,Female,19,0,60,44,174,14.5329634,weight loss,
10,Aristotle,Male,27,0,60,81,178,25.56495392,muscle up,
11,Chuck,Male,61,6,60,80,181,24.41927902,weight loss,
12,Chloette,Female,40,5,60,37,159,14.63549701,muscle up,
13,Augustus,Male,27,2,60,77,197,19.84075859,weight loss,
14,Fairfax,Male,64,4,60,46,183,13.73585356,weight loss,
15,Jess,Female,34,10,60,73,171,24.96494648,muscle up,
16,Jarrett,Male,62,4,60,52,202,12.74384864,muscle up,
17,Terrill,Male,23,1,60,48,155,19.97918835,weight loss,
18,Alysia,Female,55,6,60,95,171,32.48862898,muscle up,
19,Cherye,Female,23,11,60,83,191,22.75156931,weight loss,
20,Rey,Female,55,2,60,72,198,18.36547291,muscle up,
21,Erica,Female,43,2,60,93,200,23.25,muscle up,
22,Ruben,Male,64,9,60,77,185,22.49817385,muscle up,
23,Derrick,Male,57,6,120,78,205,18.56038073,weight loss,
24,Naomi,Female,59,7,60,96,203,23.29588197,weight loss,
25,Kelby,Male,37,5,60,67,185,19.57633309,muscle up,
26,Imojean,Female,47,11,60,52,205,12.37358715,weight loss,
27,Connor,Male,51,2,120,41,150,18.22222222,muscle up,
28,Nat,Male,32,6,60,42,201,10.39578228,weight loss,
29,Berny,Female,25,0,60,96,176,30.99173554,muscle up,
30,Cristie,Female,29,0,120,55,186,15.89779165,muscle up,
31,Brook,Female,36,9,60,76,190,21.05263158,weight loss,
32,Beatrice,Female,40,7,120,57,200,14.25,muscle up,
33,Ingaberg,Polygender,62,5,120,84,162,32.00731596,muscle up,
34,Penny,Female,19,0,60,72,158,28.84153181,weight loss,
35,Skippy,Male,24,0,120,60,160,23.4375,weight loss,
36,Kissie,Female,21,4,120,78,175,25.46938776,muscle up,
37,Tish,Female,19,10,60,36,159,14.23994304,muscle up,
38,Aleksandr,Genderfluid,28,2,60,54,205,12.84949435,muscle up,
39,Vincents,Male,20,0,60,70,193,18.7924508,muscle up,
40,Harald,Male,50,6,120,82,189,22.95568433,muscle up,
41,Fran,Male,46,4,120,36,166,13.06430541,weight loss,
42,Abra,Female,26,5,120,81,201,20.04900869,muscle up,
43,Dianemarie,Female,19,10,60,90,157,36.51263743,weight loss,
44,Filippo,Male,41,2,120,70,198,17.85532089,muscle up,
45,Dione,Polygender,25,3,120,54,157,21.90758246,weight loss,
46,Tess,Female,53,11,60,66,160,25.78125,muscle up,
47,Jen,Female,53,2,120,43,174,14.20266878,weight loss,
48,Lucine,Female,26,9,60,39,172,13.18280151,muscle up,
49,Josephine,Female,64,3,60,84,162,32.00731596,weight loss,
50,Charil,Genderqueer,18,3,120,93,176,30.0232438,muscle up,
51,Mitchell,Male,63,6,120,70,170,24.22145329,weight loss,
52,Laird,Male,47,7,120,53,176,17.11002066,muscle up,
53,Charlean,Female,25,2,120,61,203,14.80259167,weight loss,
54,Austine,Female,62,8,120,77,167,27.60945176,muscle up,
55,Alvan,Male,36,1,60,46,167,16.49395819,muscle up,
56,Neils,Male,32,7,120,45,182,13.58531578,weight loss,
57,Neilla,Female,62,3,120,47,188,13.29787234,weight loss,
58,Lauritz,Male,39,2,120,50,189,13.99736849,muscle up,
59,Modesty,Female,39,9,60,49,197,12.62593728,muscle up,
60,Hildegarde,Female,23,8,120,58,191,15.89868699,weight loss,
61,Rosita,Female,35,1,60,95,188,26.87867813,weight loss,
62,Jennette,Female,46,9,120,49,157,19.8791026,weight loss,
63,Constantina,Female,35,6,120,70,163,26.34649403,weight loss,
64,Miller,Male,20,2,60,82,160,32.03125,muscle up,
65,Dasie,Female,55,9,120,61,191,16.72103287,weight loss,
66,Rina,Female,25,9,120,40,205,9.518143962,muscle up,
67,Trudie,Female,33,5,120,88,196,22.90712203,muscle up,
68,Kaine,Male,47,8,60,69,173,23.05456246,weight loss,
69,Tarrah,Female,37,5,60,77,204,18.50249904,muscle up,
70,Shaina,Genderfluid,53,8,120,66,158,26.43807082,weight loss,
71,Julee,Female,40,3,60,50,166,18.14486863,weight loss,
72,Tucky,Male,64,11,120,36,157,14.60505497,muscle up,
73,Ginevra,Female,52,1,60,66,182,19.92512982,weight loss,
74,Dede,Female,37,6,60,63,177,20.10916403,muscle up,
75,Beryle,Female,42,1,60,40,169,14.00511187,muscle up,
76,Sheppard,Male,30,3,120,50,167,17.92821543,weight loss,
77,Claudine,Female,27,10,60,39,152,16.88019391,muscle up,
78,Gizela,Female,46,5,60,45,171,15.38935057,muscle up,
79,Zacharia,Male,64,3,60,73,166,26.4915082,muscle up,
80,Tallia,Female,54,6,120,68,166,24.67702134,muscle up,
81,Andrey,Male,47,8,120,48,196,12.49479384,weight loss,
82,Lynette,Female,54,3,60,37,161,14.27414066,weight loss,
83,Jo,Male,47,7,60,36,150,16,muscle up,
84,Raddie,Male,39,8,120,68,182,20.52892163,weight loss,
85,Vinson,Male,38,1,60,91,205,21.65377751,muscle up,
86,Frank,Female,55,1,120,58,173,19.37919743,weight loss,
87,Ailbert,Male,28,3,60,50,174,16.51473114,muscle up,
88,Carleton,Male,25,8,120,86,205,20.46400952,weight loss,
89,Neddie,Male,41,7,120,40,175,13.06122449,weight loss,
90,Gabrielle,Polygender,19,3,60,60,167,21.51385851,weight loss,
91,Jasmin,Female,33,9,60,85,164,31.60321237,weight loss,
92,Niko,Male,29,0,120,66,160,25.78125,weight loss,
93,Becki,Female,63,7,120,57,181,17.3987363,weight loss,
94,Bonita,Female,20,2,60,94,180,29.01234568,muscle up,
95,Burke,Male,36,11,60,68,154,28.67262608,weight loss,
96,Brit,Male,29,8,60,57,185,16.65449233,muscle up,
97,Haroun,Male,42,2,120,86,184,25.40170132,weight loss,
98,Rip,Male,23,8,60,72,159,28.47988608,muscle up,
99,Peggie,Female,54,3,60,53,196,13.79633486,muscle up,
100,Cynthia,Female,22,5,120,42,153,17.94181725,weight loss,
101,Ev,Male,61,9,60,44,175,14.36734694,weight loss,
102,Alys,Female,30,2,120,43,200,10.75,muscle up,
103,Ardra,Female,61,6,120,43,162,16.38469745,weight loss,
104,Dougie,Male,52,1,120,78,157,31.64428577,weight loss,
105,Eugenio,Male,41,5,60,35,163,13.17324702,muscle up,
106,Bram,Male,45,7,60,44,163,16.56065339,muscle up,
107,Nero,Male,42,6,120,38,185,11.10299489,muscle up,
108,Esta,Female,57,5,60,97,172,32.78799351,muscle up,
109,Ethel,Female,28,10,60,72,154,30.35925114,muscle up,
110,Sean,Female,40,6,120,87,170,30.10380623,weight loss,
111,Celestyn,Female,55,3,60,96,168,34.01360544,muscle up,
112,Mureil,Female,38,11,60,37,191,10.14226584,weight loss,
113,Odette,Female,29,0,120,67,178,21.14631991,weight loss,
114,Janith,Female,20,9,60,55,187,15.72821642,muscle up,
115,Marcile,Female,23,6,60,62,180,19.13580247,muscle up,
116,Jervis,Non-binary,26,2,60,40,177,12.7677232,muscle up,
117,Faulkner,Male,51,7,120,93,152,40.25277008,muscle up,
118,Sada,Female,56,11,60,94,164,34.94943486,weight loss,
119,Percy,Male,58,5,60,69,173,23.05456246,weight loss,
120,Estevan,Male,35,6,120,53,169,18.55677322,weight loss,
121,Mechelle,Female,28,4,60,89,202,21.8115871,muscle up,
122,Fawne,Female,45,1,60,72,191,19.73630109,weight loss,
123,Rois,Female,19,7,120,37,173,12.36259147,weight loss,
124,Arlana,Female,22,0,60,72,181,21.97735112,muscle up,
125,Casi,Female,64,5,60,45,170,15.57093426,weight loss,
126,Rafe,Male,55,6,120,77,184,22.74338374,muscle up,
127,Levi,Male,43,11,60,72,181,21.97735112,muscle up,
128,Fabiano,Male,18,11,60,94,177,30.00414951,muscle up,
129,Guenevere,Female,36,2,60,70,168,24.8015873,muscle up,
130,Douglass,Male,35,6,60,95,174,31.37798917,muscle up,
131,Lory,Female,52,3,60,61,191,16.72103287,muscle up,
132,Esma,Female,65,8,60,67,155,27.88761707,muscle up,
133,Archer,Male,41,10,60,59,159,23.33768443,weight loss,
134,Cody,Female,38,2,120,50,186,14.45253787,weight loss,
135,Angelico,Male,53,9,120,43,196,11.19325281,muscle up,
136,Magnum,Male,43,2,60,89,180,27.4691358,weight loss,
137,Clemmie,Female,61,11,60,97,150,43.11111111,weight loss,
138,Gaven,Male,62,10,120,81,187,23.16337327,muscle up,
139,Ralina,Female,54,6,120,49,150,21.77777778,muscle up,
140,Katti,Female,38,10,120,88,151,38.59479847,muscle up,
141,Clemmy,Agender,59,6,60,72,197,18.55239764,muscle up,
142,Giustina,Female,19,8,120,47,189,13.15752639,muscle up,
143,Courtnay,Male,24,1,60,68,189,19.03642115,weight loss,
144,Whitaker,Male,37,4,120,41,188,11.60027162,weight loss,
145,Sabina,Female,28,1,60,46,201,11.38585679,muscle up,
146,Gaylor,Male,50,4,60,49,166,17.78197126,muscle up,
147,Maressa,Female,41,4,120,66,160,25.78125,weight loss,
148,Trevor,Male,46,1,120,56,191,15.3504564,muscle up,
149,Cirilo,Male,65,10,120,44,199,11.11083053,weight loss,
150,Fulton,Male,28,2,120,54,169,18.90690102,weight loss,
151,Cayla,Female,50,7,120,86,172,29.06976744,muscle up,
152,Phyllys,Female,51,6,120,50,162,19.05197378,weight loss,
153,Mada,Female,33,9,120,75,179,23.40750913,muscle up,
154,Gram,Non-binary,59,4,60,52,191,14.25399523,weight loss,
155,Collette,Female,45,6,120,67,168,23.73866213,muscle up,
156,Sabine,Female,53,5,60,73,166,26.4915082,muscle up,
157,Rosamund,Female,38,3,60,52,153,22.2136785,weight loss,
158,Barbabra,Female,44,10,120,86,192,23.32899306,weight loss,
159,Demetra,Female,52,11,120,40,170,13.84083045,weight loss,
160,Agace,Female,28,9,60,90,197,23.19049705,muscle up,
161,Ives,Male,49,5,120,60,150,26.66666667,weight loss,
162,Garik,Male,30,6,60,75,156,30.81854043,weight loss,
163,Rori,Female,36,8,120,50,191,13.70576464,muscle up,
164,Julie,Female,19,2,120,63,168,22.32142857,muscle up,
165,Percy,Male,60,1,60,53,171,18.12523512,weight loss,
166,Andria,Female,50,6,60,61,159,24.12879237,weight loss,
167,Hartwell,Male,43,8,120,50,156,20.54569362,weight loss,
168,Crista,Female,34,2,120,97,158,38.85595257,weight loss,
169,Sarene,Female,24,5,60,64,174,21.13885586,muscle up,
170,Morten,Male,26,10,120,35,182,10.56635672,weight loss,
171,Erna,Female,45,4,120,37,178,11.67781846,muscle up,
172,Clemens,Male,21,1,60,62,186,17.92114695,weight loss,
173,Romeo,Male,49,4,120,38,166,13.79010016,weight loss,
174,Druci,Polygender,41,6,120,35,150,15.55555556,muscle up,
175,Wyatt,Male,25,4,60,95,197,24.478858,muscle up,
176,Melodee,Female,48,8,60,57,202,13.9692187,muscle up,
177,Erl,Male,20,4,120,67,184,19.78969754,weight loss,
178,Evelyn,Genderfluid,42,5,120,91,152,39.38711911,weight loss,
179,Celinda,Female,62,4,60,41,177,13.08691628,weight loss,
180,Brendin,Male,52,9,60,35,191,9.594035251,muscle up,
181,Papagena,Female,28,5,120,84,195,22.09072978,muscle up,
182,Carmen,Female,41,9,60,83,187,23.73530842,muscle up,
183,Bjorn,Male,25,0,120,83,166,30.12048193,weight loss,
184,Alfie,Female,34,9,60,73,185,21.32943755,weight loss,
185,Dud,Male,50,6,60,70,198,17.85532089,muscle up,
186,Zacherie,Male,42,5,120,48,178,15.14960232,muscle up,
187,Chicky,Male,60,7,60,58,151,25.43748081,weight loss,
188,Jermaine,Male,63,7,120,73,172,24.67550027,weight loss,
189,Mayer,Agender,46,11,120,67,187,19.15982728,weight loss,
190,Rudiger,Male,39,3,60,46,194,12.22234031,muscle up,
191,Lonny,Male,32,8,120,80,163,30.1102789,muscle up,
192,Nancy,Female,36,8,120,92,169,32.21175729,muscle up,
193,Anselm,Male,30,4,120,78,198,19.89592899,muscle up,
194,Alex,Female,42,1,60,51,182,15.39669122,muscle up,
195,Kaela,Female,51,9,120,70,167,25.0995016,weight loss,
196,Neille,Female,53,9,120,58,186,16.76494392,muscle up,
197,Philip,Male,20,10,60,51,200,12.75,muscle up,
198,Leopold,Male,64,5,60,87,164,32.34681737,muscle up,
199,Corissa,Female,36,3,60,88,152,38.08864266,muscle up,
200,Carry,Female,45,9,120,49,180,15.12345679,weight loss,
201,Rex,Male,42,11,120,64,199,16.16120805,weight loss,
202,Etti,Female,43,2,60,40,189,11.1978948,weight loss,
203,Walton,Male,35,2,120,83,186,23.99121286,muscle up,
204,Nikkie,Female,44,11,60,38,155,15.81685744,muscle up,
205,Celeste,Female,27,7,120,89,166,32.29786616,weight loss,
206,Dora,Female,51,8,60,92,191,25.21860695,weight loss,
207,Philippine,Female,45,0,120,80,193,21.47708663,muscle up,
208,Bell,Female,40,8,120,39,202,9.557886482,weight loss,
209,Isak,Male,47,4,60,75,163,28.22838647,muscle up,
210,Eolande,Female,29,0,120,42,183,12.54143151,weight loss,
211,Ingemar,Male,21,0,120,79,153,33.74770387,weight loss,
212,Phil,Female,58,9,60,51,164,18.96192742,weight loss,
213,Ynez,Female,36,4,120,77,152,33.32756233,weight loss,
214,Terry,Female,38,3,120,78,174,25.76298058,weight loss,
215,Ford,Male,24,1,60,40,178,12.6246686,weight loss,
216,Bobbette,Female,22,11,120,61,188,17.2589407,weight loss,
217,Kimmie,Female,27,7,60,97,186,28.03792346,weight loss,
218,Arvie,Male,42,11,120,86,199,21.71662332,weight loss,
219,Malynda,Female,38,9,60,42,182,12.67962806,muscle up,
220,Rice,Male,54,4,60,87,183,25.97867957,weight loss,
221,Harley,Male,31,5,120,55,152,23.80540166,muscle up,
222,Justine,Female,49,1,60,41,189,11.47784217,muscle up,
223,Willdon,Male,59,9,60,36,152,15.58171745,weight loss,
224,Adorne,Female,28,2,120,87,158,34.85018427,weight loss,
225,Bambi,Female,51,6,60,35,162,13.33638165,muscle up,
226,Martino,Male,62,6,120,83,204,19.94425221,weight loss,
227,Paulette,Female,62,2,120,56,183,16.72190869,muscle up,
228,Knox,Male,26,11,120,64,197,16.49102012,weight loss,
229,Brantley,Male,59,1,60,66,152,28.56648199,weight loss,
230,Dona,Female,48,11,60,40,171,13.67942273,muscle up,
231,Dieter,Male,41,11,60,92,179,28.7132112,muscle up,
232,Thatch,Male,42,10,120,47,189,13.15752639,weight loss,
233,Kassie,Female,63,10,120,62,195,16.30506246,muscle up,
234,Dennison,Male,20,2,120,96,202,23.52710519,muscle up,
235,Correna,Female,64,4,60,89,164,33.09042237,muscle up,
236,Vernon,Male,48,1,120,35,161,13.50256549,weight loss,
237,Collete,Female,58,1,120,56,162,21.33821064,weight loss,
238,Zandra,Female,34,8,60,74,200,18.5,weight loss,
239,Briggs,Male,42,6,120,78,172,26.36560303,muscle up,
240,Englebert,Male,62,1,60,70,193,18.7924508,muscle up,
241,Ursula,Female,23,4,120,67,188,18.95654142,weight loss,
242,Miguela,Female,29,7,60,49,178,15.46521904,weight loss,
243,Lydon,Male,32,10,60,36,158,14.4207659,muscle up,
244,Lorrie,Male,27,10,120,60,155,24.97398543,weight loss,
245,Gerry,Male,62,1,60,62,203,15.0452571,weight loss,
246,Ursula,Female,57,2,120,52,177,16.59804015,weight loss,
247,Adriaens,Agender,64,8,60,93,195,24.45759369,weight loss,
248,Chancey,Male,23,11,60,44,156,18.08021039,muscle up,
249,Malissia,Female,19,10,60,92,152,39.8199446,muscle up,
250,Rhys,Male,62,9,120,94,150,41.77777778,weight loss,
251,Eli,Genderqueer,61,1,60,81,179,25.28010986,muscle up,
252,Malia,Female,60,10,60,77,192,20.88758681,weight loss,
253,Creigh,Male,62,0,120,71,163,26.72287252,muscle up,
254,Stella,Female,33,10,60,71,185,20.74506939,muscle up,
255,Eben,Male,20,10,120,80,165,29.38475666,muscle up,
256,Justus,Male,58,10,60,35,182,10.56635672,muscle up,
257,Hesther,Female,36,5,60,87,182,26.26494385,weight loss,
258,Harrietta,Female,48,2,60,46,199,11.61586829,muscle up,
259,Andi,Female,26,7,60,35,190,9.695290859,muscle up,
260,Goldina,Female,60,10,120,82,174,27.08415907,weight loss,
261,Alma,Non-binary,20,0,120,90,181,27.4716889,muscle up,
262,Nobe,Male,51,1,120,98,170,33.9100346,weight loss,
263,Leslie,Female,55,7,120,46,198,11.73349658,muscle up,
264,Parrnell,Male,52,5,120,54,191,14.80222582,weight loss,
265,Kit,Genderfluid,46,8,60,60,159,23.7332384,weight loss,
266,Ira,Male,55,7,60,93,169,32.56188509,weight loss,
267,Kean,Male,40,4,120,73,200,18.25,weight loss,
268,Elianore,Female,59,2,120,52,172,17.57706869,weight loss,
269,Ernesta,Female,31,3,120,71,162,27.05380277,weight loss,
270,Carlynne,Female,38,8,60,96,168,34.01360544,weight loss,
271,Daryle,Male,19,9,60,85,186,24.56931437,weight loss,
272,Dahlia,Female,33,7,60,89,179,27.77691083,weight loss,
273,Maxy,Female,21,11,60,77,184,22.74338374,muscle up,
274,Yurik,Male,65,9,120,97,152,41.98407202,muscle up,
275,Ray,Female,36,7,60,86,191,23.57391519,weight loss,
276,Earl,Genderqueer,45,11,60,43,186,12.42918256,muscle up,
277,Eziechiele,Non-binary,46,6,120,83,201,20.54404594,muscle up,
278,Tessie,Female,20,2,120,35,192,9.494357639,weight loss,
279,Luke,Male,61,4,60,49,198,12.49872462,weight loss,
280,Wilona,Female,58,6,60,38,150,16.88888889,muscle up,
281,Barty,Male,44,9,120,70,161,27.00513097,muscle up,
282,Willdon,Male,53,4,120,54,175,17.63265306,weight loss,
283,Gusti,Female,35,5,60,72,165,26.44628099,weight loss,
284,Terrel,Male,28,0,120,87,175,28.40816327,weight loss,
285,Maurene,Female,21,2,120,46,161,17.74622893,weight loss,
286,Heall,Male,43,3,120,58,162,22.10028959,muscle up,
287,Peria,Female,25,5,60,41,176,13.23605372,muscle up,
288,Kristyn,Female,48,1,60,41,187,11.72467042,muscle up,
289,Jenilee,Female,23,10,60,72,196,18.74219075,muscle up,
290,Jamie,Female,37,11,120,73,153,31.18458712,muscle up,
291,Cyrille,Male,34,6,60,58,165,21.30394858,weight loss,
292,Nissie,Female,63,9,60,60,186,17.34304544,weight loss,
293,Stephana,Agender,48,6,120,44,181,13.43060346,weight loss,
294,Maressa,Female,28,0,120,41,176,13.23605372,muscle up,
295,Averil,Female,33,7,60,90,173,30.07116843,weight loss,
296,Samuel,Male,21,8,60,65,171,22.22906193,muscle up,
297,Othella,Female,41,8,120,41,188,11.60027162,muscle up,
298,Candi,Female,44,7,60,53,170,18.33910035,muscle up,
299,Sapphire,Female,63,11,120,65,162,24.76756592,muscle up,
300,Egor,Male,46,11,60,67,185,19.57633309,weight loss,
301,Velma,Female,44,5,60,54,183,16.12469766,muscle up,
302,Lek,Male,61,6,60,72,203,17.47191148,muscle up,
303,Wald,Male,37,6,120,48,201,11.88089404,weight loss,
304,Ber,Male,64,2,60,91,171,31.12068671,weight loss,
305,Faun,Female,62,2,60,98,177,31.28092183,muscle up,
306,Emmery,Male,26,4,60,66,190,18.28254848,muscle up,
307,Fredia,Female,41,6,60,54,180,16.66666667,muscle up,
308,Mira,Female,46,4,120,70,160,27.34375,weight loss,
309,Odilia,Female,23,10,60,72,163,27.09925101,muscle up,
310,Janaye,Female,40,5,60,78,193,20.94015947,weight loss,
311,Lauree,Female,60,0,120,43,184,12.70085066,weight loss,
312,Marci,Female,41,6,120,78,173,26.06167931,weight loss,
313,Ethelyn,Female,19,3,60,88,175,28.73469388,weight loss,
314,Buck,Non-binary,25,7,120,73,164,27.14158239,muscle up,
315,Bobby,Female,58,5,120,89,191,24.39626107,weight loss,
316,Glynnis,Female,60,4,120,74,165,27.18089991,weight loss,
317,Perkin,Male,62,11,120,93,198,23.72206918,muscle up,
318,Janith,Polygender,35,0,120,72,182,21.73650525,muscle up,
319,Kimberlee,Female,60,4,120,57,173,19.04507334,muscle up,
320,Christabel,Female,56,3,60,40,182,12.07583625,muscle up,
321,Alaine,Female,45,2,120,89,179,27.77691083,muscle up,
322,Ambrosio,Genderfluid,47,0,120,77,194,20.45913487,muscle up,
323,Zackariah,Male,26,10,120,53,152,22.93975069,weight loss,
324,Lora,Female,56,2,60,55,152,23.80540166,muscle up,
325,Rosa,Female,49,7,120,36,152,15.58171745,muscle up,
326,Delores,Genderfluid,35,10,60,76,163,28.60476495,muscle up,
327,Amaleta,Female,47,9,120,45,169,15.75575085,weight loss,
328,Ivory,Non-binary,22,10,60,36,196,9.371095377,weight loss,
329,Corby,Male,24,0,60,44,187,12.58257314,muscle up,
330,Jon,Male,55,9,120,46,195,12.0973044,weight loss,
331,Burr,Male,21,1,60,57,202,13.9692187,weight loss,
332,Valentin,Male,28,10,60,47,204,11.29373318,muscle up,
333,Lorianne,Female,49,9,120,87,155,36.21227888,muscle up,
334,Peterus,Male,63,7,120,35,192,9.494357639,muscle up,
335,Henrieta,Female,44,7,60,76,184,22.44801512,weight loss,
336,Chelsey,Genderqueer,49,0,60,55,150,24.44444444,weight loss,
337,Nathalia,Female,35,9,60,67,181,20.45114618,weight loss,
338,Bret,Male,30,11,120,81,170,28.02768166,muscle up,
339,Algernon,Male,51,10,120,77,195,20.24983563,muscle up,
340,Birgit,Female,59,11,60,72,187,20.58966513,muscle up,
341,Steffane,Female,38,11,60,41,205,9.756097561,muscle up,
342,Trev,Male,63,4,120,95,151,41.66483926,weight loss,
343,Barbi,Female,39,2,60,57,161,21.98989237,muscle up,
344,Lydie,Female,23,0,60,55,198,14.0291807,muscle up,
345,Bartlett,Male,54,8,60,52,185,15.19357195,muscle up,
346,Casandra,Female,30,3,120,79,199,19.94899119,muscle up,
347,Pooh,Female,62,10,60,68,155,28.30385016,weight loss,
348,Kaiser,Male,30,4,120,38,194,10.09671591,muscle up,
349,Gardy,Genderfluid,58,10,60,91,156,37.39316239,muscle up,
350,Cyril,Male,19,9,120,46,161,17.74622893,weight loss,
351,Woodrow,Male,46,6,60,69,198,17.60024487,weight loss,
352,Meryl,Male,59,8,60,39,169,13.65498407,muscle up,
353,Fayina,Female,27,9,120,95,172,32.11195241,weight loss,
354,Tamera,Female,42,6,120,52,179,16.22920633,weight loss,
355,Barris,Agender,37,5,120,91,155,37.87721124,weight loss,
356,Carmita,Female,30,0,120,37,194,9.83101286,weight loss,
357,Celinda,Female,63,0,120,91,199,22.9792177,muscle up,
358,Massimo,Male,42,0,60,60,187,17.15805428,weight loss,
359,Marna,Female,19,8,120,74,164,27.51338489,weight loss,
360,Bernadina,Female,34,9,120,52,187,14.87031371,weight loss,
361,Odelinda,Female,30,4,60,51,150,22.66666667,weight loss,
362,Haslett,Male,54,5,60,91,199,22.9792177,muscle up,
363,Valentin,Male,46,8,120,92,197,23.70584143,muscle up,
364,Daryle,Male,27,4,60,54,154,22.76943835,muscle up,
365,Clari,Female,28,4,120,95,193,25.50404038,weight loss,
366,Amberly,Female,65,9,60,78,164,29.00059488,muscle up,
367,Franny,Male,60,4,120,50,196,13.01541025,weight loss,
368,Kai,Female,58,9,120,64,195,16.83103222,muscle up,
369,Kellby,Male,26,3,120,77,197,19.84075859,muscle up,
370,Sanford,Male,42,0,120,63,179,19.66230767,weight loss,
371,Tierney,Female,22,1,120,84,200,21,muscle up,
372,Gill,Female,22,5,60,62,153,26.48553975,muscle up,
373,Berty,Male,26,5,120,61,162,23.24340802,weight loss,
374,Kaine,Male,34,11,120,59,181,18.00921828,weight loss,
375,Lavinie,Female,41,9,60,88,150,39.11111111,weight loss,
376,Jo,Female,49,11,120,70,203,16.9865806,weight loss,
377,Hobie,Male,22,7,120,69,159,27.29322416,muscle up,
378,Vivienne,Female,61,6,60,58,183,17.31911971,muscle up,
379,Samuele,Male,19,11,120,72,195,18.93491124,weight loss,
380,Abra,Female,53,11,60,37,188,10.4685378,muscle up,
381,Vito,Male,61,7,60,36,202,8.822664445,weight loss,
382,Jeremy,Male,65,8,120,49,150,21.77777778,weight loss,
383,Shellysheldon,Male,46,1,120,87,180,26.85185185,weight loss,
384,Veronique,Female,57,7,60,56,165,20.56932966,weight loss,
385,Sean,Male,40,7,60,95,154,40.05734525,weight loss,
386,Dennie,Non-binary,35,10,60,97,191,26.58918341,muscle up,
387,Stearne,Male,39,4,60,63,154,26.56434475,muscle up,
388,Papageno,Male,29,0,120,76,201,18.81141556,weight loss,
389,Hurlee,Male,37,2,120,54,176,17.43285124,weight loss,
390,Kristoffer,Polygender,28,2,60,89,200,22.25,muscle up,
391,Sela,Female,45,4,60,62,180,19.13580247,muscle up,
392,Jesse,Male,20,4,60,64,164,23.7953599,muscle up,
393,Lacie,Female,24,6,120,77,166,27.94309769,weight loss,
394,Sibel,Female,58,4,60,88,169,30.8112461,weight loss,
395,Florrie,Female,19,11,60,77,195,20.24983563,muscle up,
396,Thorin,Male,53,3,120,50,165,18.36547291,weight loss,
397,Dynah,Female,55,5,60,66,196,17.18034152,weight loss,
398,Maje,Male,53,10,60,62,175,20.24489796,muscle up,
399,Inger,Female,27,6,60,42,156,17.25838264,weight loss,
400,Leona,Female,29,5,120,97,178,30.61482136,weight loss,
401,Afton,Female,63,5,120,98,154,41.32231405,weight loss,
402,Gayelord,Male,28,11,120,64,152,27.70083102,muscle up,
403,Poppy,Female,52,8,120,82,198,20.91623304,weight loss,
404,Broderic,Male,54,1,120,74,192,20.07378472,muscle up,
405,Cathie,Genderqueer,19,5,120,81,173,27.06405159,weight loss,
406,Ambrosi,Male,56,2,120,63,182,19.0194421,weight loss,
407,Emlen,Male,50,6,60,48,176,15.49586777,weight loss,
408,August,Male,38,10,120,46,203,11.16261011,weight loss,
409,Amata,Polygender,53,0,120,58,182,17.50996256,weight loss,
410,Jerome,Male,56,10,120,69,180,21.2962963,weight loss,
411,Urbain,Male,64,4,120,76,153,32.4661455,muscle up,
412,Ashlin,Male,22,2,120,88,187,25.16514627,muscle up,
413,Tobye,Female,63,0,60,92,192,24.95659722,weight loss,
414,Craig,Male,23,2,60,36,189,10.07810532,weight loss,
415,Elia,Male,51,9,120,78,171,26.67487432,muscle up,
416,Englebert,Male,46,9,60,88,200,22,weight loss,
417,Gretal,Female,34,5,120,90,152,38.95429363,weight loss,
418,Ike,Male,57,4,120,85,189,23.79552644,muscle up,
419,Elena,Female,20,1,60,78,190,21.6066482,muscle up,
420,Andie,Female,42,11,120,45,190,12.46537396,muscle up,
421,Jeno,Male,42,9,60,87,170,30.10380623,weight loss,
422,Salome,Female,26,2,120,90,196,23.42773844,weight loss,
423,Salomo,Male,56,8,60,80,203,19.41323497,muscle up,
424,Glenine,Female,49,7,60,58,188,16.41014033,weight loss,
425,Marita,Bigender,20,6,60,48,181,14.65156741,weight loss,
426,Maurice,Male,48,6,120,43,180,13.27160494,weight loss,
427,Colby,Male,34,3,120,41,161,15.817291,muscle up,
428,Blinni,Female,45,10,60,90,156,36.98224852,muscle up,
429,Alyson,Female,58,7,120,60,179,18.7260073,weight loss,
430,Holden,Male,37,3,60,73,194,19.39632267,muscle up,
431,Joann,Female,58,2,120,89,159,35.20430363,weight loss,
432,Stephenie,Female,25,10,60,57,174,18.8267935,weight loss,
433,Rogerio,Male,50,6,60,88,197,22.67515267,muscle up,
434,Alphard,Male,21,0,120,80,197,20.61377516,weight loss,
435,Coriss,Female,27,1,60,39,188,11.03440471,muscle up,
436,Frasier,Male,45,4,120,92,170,31.83391003,weight loss,
437,Carolyn,Female,44,8,60,45,162,17.14677641,muscle up,
438,Caria,Female,41,6,120,38,154,16.0229381,muscle up,
439,Deerdre,Female,30,4,120,44,155,18.31425598,weight loss,
440,Benji,Male,21,4,120,61,186,17.6320962,weight loss,
441,Dimitry,Male,27,3,60,48,183,14.33306459,weight loss,
442,Sven,Male,37,11,60,95,157,38.54111729,weight loss,
443,Bartolemo,Male,42,4,120,41,174,13.54207953,muscle up,
444,Brockie,Male,44,8,120,92,157,37.32402937,weight loss,
445,Maire,Female,58,4,60,66,175,21.55102041,weight loss,
446,Kris,Male,45,0,120,56,169,19.60715661,muscle up,
447,Heath,Polygender,36,5,120,40,162,15.24157903,muscle up,
448,Kiley,Male,50,3,120,91,159,35.99541157,muscle up,
449,Gavin,Male,48,2,120,69,184,20.38043478,weight loss,
450,Cameron,Male,60,7,60,73,198,18.62054892,weight loss,
451,Sallyann,Female,48,0,60,46,157,18.66201469,weight loss,
452,Astra,Female,21,8,120,66,178,20.83070319,weight loss,
453,Josy,Female,26,6,60,66,161,25.46198063,muscle up,
454,Natale,Male,60,7,60,41,169,14.35523966,weight loss,
455,Devan,Female,19,4,120,43,166,15.60458702,muscle up,
456,Earl,Male,42,1,60,53,195,13.93819855,muscle up,
457,Tracy,Female,24,3,120,89,156,36.57133465,weight loss,
458,Hyacintha,Female,28,1,120,83,181,25.33500198,weight loss,
459,Cindi,Female,65,11,60,43,184,12.70085066,weight loss,
460,Charo,Female,64,10,120,79,185,23.082542,muscle up,
461,Deane,Female,47,0,120,91,168,32.24206349,weight loss,
462,Brook,Male,40,6,120,73,167,26.17519452,muscle up,
463,Chrystel,Female,65,10,120,72,153,30.757401,weight loss,
464,Chevy,Male,26,6,120,73,167,26.17519452,weight loss,
465,Scotti,Genderfluid,60,1,120,68,168,24.09297052,weight loss,
466,Phillipp,Male,36,7,120,71,183,21.20099137,weight loss,
467,Duncan,Male,51,0,60,92,164,34.20582986,muscle up,
468,Alberto,Male,59,3,120,56,185,16.36230825,weight loss,
469,Janaye,Female,32,6,120,57,151,24.99890356,muscle up,
470,Ezri,Male,23,8,120,37,180,11.41975309,weight loss,
471,Suki,Bigender,58,1,60,52,177,16.59804015,weight loss,
472,Milissent,Female,43,11,60,61,205,14.51516954,muscle up,
473,Letizia,Genderfluid,33,8,120,81,171,27.70083102,weight loss,
474,Dolph,Male,26,8,120,85,188,24.04934359,weight loss,
475,Delores,Female,51,3,120,95,154,40.05734525,weight loss,
476,Twila,Female,31,1,120,75,160,29.296875,muscle up,
477,Diannne,Female,42,2,120,85,200,21.25,muscle up,
478,Maribelle,Female,26,6,60,89,158,35.65133793,muscle up,
479,Lowrance,Male,49,4,120,69,168,24.44727891,muscle up,
480,Tirrell,Male,63,5,120,76,184,22.44801512,weight loss,
481,Margie,Female,20,2,60,46,153,19.65056175,weight loss,
482,Lammond,Male,56,6,120,56,172,18.92915089,weight loss,
483,Wynnie,Female,59,2,60,62,163,23.33546614,weight loss,
484,Latrina,Female,53,6,120,49,162,18.67093431,weight loss,
485,Kaia,Female,18,1,120,84,178,26.51180407,muscle up,
486,Gwenneth,Polygender,30,1,60,49,201,12.12841266,weight loss,
487,Emyle,Female,25,11,120,68,172,22.98539751,weight loss,
488,Garold,Male,49,2,120,79,184,23.33412098,weight loss,
489,Jeffy,Male,38,3,120,41,189,11.47784217,weight loss,
490,Dotty,Female,19,1,60,78,202,19.11577296,weight loss,
491,Adelind,Female,42,2,60,77,195,20.24983563,weight loss,
492,Bax,Male,53,5,120,82,186,23.7021621,weight loss,
493,Land,Male,64,4,120,82,184,24.22022684,weight loss,
494,Johannes,Male,33,6,120,92,153,39.3011235,muscle up,
495,Waverly,Male,24,3,60,50,190,13.85041551,muscle up,
496,Randall,Polygender,54,10,120,36,165,13.2231405,weight loss,
497,Jaye,Male,47,8,60,90,170,31.14186851,muscle up,
498,Stephenie,Female,21,7,120,55,202,13.47907068,weight loss,
499,Enrika,Female,26,9,60,92,189,25.75515803,weight loss,
500,Gorden,Male,22,5,60,48,151,21.05170826,weight loss,
501,Barton,Male,47,7,60,40,168,14.1723356,muscle up,
502,Colin,Male,18,0,120,46,171,15.73133614,muscle up,
503,Orran,Male,43,0,60,84,195,22.09072978,muscle up,
504,Bobbi,Female,56,5,60,89,202,21.8115871,weight loss,
505,Anna-maria,Female,45,0,60,76,193,20.4032323,muscle up,
506,Consuelo,Female,21,4,60,98,165,35.99632691,weight loss,
507,Katharyn,Female,27,6,60,66,176,21.30681818,weight loss,
508,Thalia,Female,31,10,60,84,176,27.1177686,muscle up,
509,Athene,Female,44,7,60,98,185,28.63403944,muscle up,
510,Rosana,Female,60,2,120,38,160,14.84375,muscle up,
511,Duane,Male,60,3,60,71,202,17.40025488,weight loss,
512,Jacinthe,Female,64,4,60,95,184,28.0600189,weight loss,
513,Germain,Male,32,11,120,85,190,23.54570637,weight loss,
514,Zebadiah,Male,49,0,120,36,179,11.23560438,weight loss,
515,Norbie,Male,24,8,120,88,204,21.14571319,weight loss,
516,Sharleen,Female,44,2,60,94,172,31.77393186,muscle up,
517,Myrlene,Female,50,0,120,70,179,21.84700852,weight loss,
518,Darlleen,Female,55,4,120,93,162,35.43667124,weight loss,
519,Sibel,Female,46,10,120,45,169,15.75575085,muscle up,
520,Vanna,Female,63,4,60,56,155,23.30905307,weight loss,
521,Oberon,Male,46,9,60,37,178,11.67781846,muscle up,
522,Hestia,Female,52,1,120,49,183,14.6316701,muscle up,
523,Murdoch,Agender,61,11,60,85,172,28.73174689,muscle up,
524,Steffi,Female,48,2,60,83,155,34.54734651,muscle up,
525,Drucy,Female,65,1,60,35,173,11.69434328,weight loss,
526,Ketti,Agender,36,1,60,83,168,29.40759637,muscle up,
527,Rosalinde,Female,51,9,120,57,162,21.71925011,weight loss,
528,Brig,Male,19,7,60,84,178,26.51180407,muscle up,
529,Devinne,Bigender,18,0,120,65,192,17.63237847,weight loss,
530,Jerald,Polygender,44,8,120,89,182,26.86873566,weight loss,
531,Elisabetta,Female,50,8,60,82,191,22.47745402,weight loss,
532,Drucy,Female,34,3,60,63,181,19.23018223,muscle up,
533,Jamil,Male,52,3,120,35,183,10.45119293,muscle up,
534,Alonzo,Male,37,6,120,62,205,14.75312314,weight loss,
535,Lenee,Female,52,8,60,55,178,17.35891933,muscle up,
536,Bryon,Male,57,9,120,82,182,24.75546432,weight loss,
537,Betta,Female,61,7,60,51,173,17.04032878,weight loss,
538,Emmett,Male,47,11,120,59,159,23.33768443,weight loss,
539,Spike,Male,53,0,120,91,178,28.72112107,muscle up,
540,Gamaliel,Agender,35,0,60,84,165,30.85399449,weight loss,
541,Sonya,Female,64,8,120,51,160,19.921875,muscle up,
542,Linn,Genderqueer,42,8,60,47,154,19.81784449,muscle up,
543,Guthrey,Male,49,5,120,59,164,21.93634741,weight loss,
544,Terrel,Male,46,4,120,81,192,21.97265625,weight loss,
545,Adams,Genderfluid,38,9,120,78,193,20.94015947,muscle up,
546,Madel,Female,52,8,60,89,175,29.06122449,weight loss,
547,Olivier,Male,41,8,120,54,195,14.20118343,weight loss,
548,Ellette,Genderqueer,53,7,60,98,169,34.31252407,muscle up,
549,Bert,Female,20,2,60,90,151,39.47195298,muscle up,
550,Sumner,Genderfluid,30,1,60,94,160,36.71875,weight loss,
551,Mattheus,Male,28,8,60,94,155,39.12591051,muscle up,
552,Karl,Male,20,0,60,59,170,20.41522491,muscle up,
553,Dorene,Female,45,11,120,89,151,39.03337573,weight loss,
554,Kendre,Genderqueer,27,1,60,62,153,26.48553975,muscle up,
555,Ichabod,Male,47,5,60,54,191,14.80222582,weight loss,
556,Roxy,Female,37,9,60,85,190,23.54570637,muscle up,
557,Modestia,Genderqueer,29,3,120,42,199,10.60579278,muscle up,
558,Holden,Male,54,0,60,42,189,11.75778954,muscle up,
559,Hurlee,Male,52,3,120,61,184,18.01748582,muscle up,
560,Lammond,Male,51,5,120,38,155,15.81685744,muscle up,
561,Kingsly,Male,18,2,60,82,159,32.43542581,muscle up,
562,Gerrie,Male,27,8,120,75,196,19.52311537,weight loss,
563,Melany,Female,36,5,60,48,174,15.85414189,muscle up,
564,Honor,Female,36,11,120,61,199,15.40365142,muscle up,
565,Daven,Male,63,1,120,90,192,24.4140625,muscle up,
566,Payton,Male,51,8,120,54,204,12.97577855,weight loss,
567,Moselle,Female,64,7,120,57,200,14.25,muscle up,
568,Con,Female,27,7,60,71,167,25.4580659,muscle up,
569,Keane,Male,36,2,60,66,152,28.56648199,weight loss,
570,Rubi,Female,61,8,120,94,198,23.97714519,muscle up,
571,Noland,Male,53,5,60,81,203,19.65590041,weight loss,
572,Karel,Female,44,2,60,49,169,17.15626204,weight loss,
573,Leena,Female,44,11,120,78,193,20.94015947,weight loss,
574,Allistir,Genderfluid,60,6,120,97,174,32.03857841,weight loss,
575,Marco,Male,19,0,120,46,197,11.85292071,weight loss,
576,Marybeth,Genderfluid,49,10,120,53,205,12.61154075,muscle up,
577,Celina,Female,43,3,120,76,171,25.99090318,weight loss,
578,Dacie,Female,30,4,60,90,161,34.72088268,muscle up,
579,Pen,Genderfluid,35,1,60,69,197,17.77938107,muscle up,
580,Boris,Polygender,20,9,120,45,171,15.38935057,muscle up,
581,Horatio,Male,27,9,60,68,182,20.52892163,weight loss,
582,Theodore,Male,25,10,120,52,159,20.56880661,muscle up,
583,Theodosia,Female,44,7,120,77,197,19.84075859,muscle up,
584,Buiron,Male,47,7,60,73,204,17.54133026,muscle up,
585,Torey,Female,22,2,120,45,175,14.69387755,muscle up,
586,Aviva,Polygender,44,4,60,74,194,19.66202572,muscle up,
587,Waiter,Genderqueer,40,11,60,65,156,26.70940171,muscle up,
588,Tatum,Female,22,4,120,73,176,23.56663223,weight loss,
589,Carley,Female,44,6,60,81,171,27.70083102,muscle up,
590,Debbie,Female,32,11,60,80,199,20.20151006,weight loss,
591,Julian,Male,20,1,120,84,205,19.98810232,weight loss,
592,Paulita,Female,26,3,60,85,161,32.79194476,weight loss,
593,Alvis,Male,41,6,60,65,187,18.58789213,muscle up,
594,Charo,Female,64,11,120,94,191,25.76683753,muscle up,
595,Renata,Female,47,9,120,54,205,12.84949435,muscle up,
596,Doro,Female,31,8,60,89,194,23.64757147,weight loss,
597,Andromache,Female,57,9,60,69,171,23.59700421,weight loss,
598,Tawnya,Female,30,8,120,80,199,20.20151006,weight loss,
599,Bertrand,Male,43,10,60,92,159,36.39096555,muscle up,
600,Sigismondo,Genderfluid,60,1,120,61,165,22.40587695,muscle up,
601,Ricca,Female,41,10,120,42,191,11.5128423,muscle up,
602,Brianna,Female,55,6,60,68,193,18.25552364,weight loss,
603,Reinhold,Male,55,7,120,95,190,26.31578947,weight loss,
604,Karina,Female,55,10,60,59,178,18.62138619,muscle up,
605,Aloysia,Female,21,5,120,47,194,12.48804336,weight loss,
606,Ugo,Male,29,7,60,77,183,22.99262444,muscle up,
607,Marthena,Non-binary,34,7,60,39,150,17.33333333,muscle up,
608,Lamont,Male,38,5,120,45,178,14.20275218,weight loss,
609,Allison,Female,35,4,60,40,185,11.68736304,weight loss,
610,Rosamond,Female,58,0,60,59,183,17.61772522,weight loss,
611,Shurwood,Male,33,8,60,46,200,11.5,weight loss,
612,Alicea,Female,42,10,120,74,178,23.35563691,muscle up,
613,Lucy,Female,25,8,60,35,176,11.29907025,weight loss,
614,Demott,Male,41,7,120,90,158,36.05191476,muscle up,
615,Glendon,Male,40,4,120,48,180,14.81481481,muscle up,
616,Clayton,Male,46,4,120,40,205,9.518143962,muscle up,
617,Blanch,Female,38,9,120,65,202,15.9298108,muscle up,
618,Flori,Female,41,5,120,83,200,20.75,weight loss,
619,Horton,Male,48,6,60,72,194,19.13061962,muscle up,
620,Candace,Female,59,7,120,78,156,32.05128205,weight loss,
621,Casper,Male,34,8,60,53,164,19.70553242,muscle up,
622,Gayler,Male,21,4,60,67,166,24.31412397,weight loss,
623,Adolpho,Male,50,7,120,94,152,40.68559557,weight loss,
624,Alberto,Male,46,11,120,86,196,22.38650562,weight loss,
625,Judy,Female,36,6,120,83,179,25.9043101,weight loss,
626,Mahalia,Female,22,4,120,49,183,14.6316701,muscle up,
627,Marijn,Agender,43,0,120,81,180,25,weight loss,
628,Chas,Male,30,2,120,95,155,39.5421436,weight loss,
629,Claudelle,Female,37,7,60,47,155,19.56295525,weight loss,
630,Blinny,Female,46,0,60,42,176,13.5588843,muscle up,
631,Alayne,Genderfluid,22,1,120,77,188,21.78587596,weight loss,
632,Gayla,Female,44,3,120,85,187,24.30724356,weight loss,
633,Brodie,Male,64,4,120,47,156,19.31295201,muscle up,
634,Claude,Female,23,2,120,37,177,11.81014396,weight loss,
635,Loralyn,Female,35,8,120,44,170,15.22491349,weight loss,
636,Cathyleen,Female,21,3,120,51,189,14.27731586,muscle up,
637,Eleen,Female,64,4,60,82,171,28.04281659,muscle up,
638,Sean,Male,48,3,120,47,189,13.15752639,weight loss,
639,Alix,Male,55,4,120,59,181,18.00921828,muscle up,
640,Chrysler,Female,37,2,120,80,152,34.62603878,muscle up,
641,Massimo,Non-binary,50,6,60,37,155,15.40062435,weight loss,
642,Tonye,Female,62,6,60,50,155,20.81165453,weight loss,
643,Godard,Male,53,3,120,82,154,34.5758138,weight loss,
644,Jerrie,Female,18,10,60,63,168,22.32142857,muscle up,
645,Mignon,Agender,59,8,120,56,168,19.84126984,weight loss,
646,Miguelita,Female,20,11,120,43,188,12.16613852,weight loss,
647,Quintin,Male,44,2,120,89,152,38.52146814,weight loss,
648,Betsy,Female,57,1,60,71,202,17.40025488,weight loss,
649,Chico,Male,64,7,60,47,159,18.59103675,weight loss,
650,Magda,Female,24,1,60,54,175,17.63265306,weight loss,
651,Valli,Female,53,6,120,59,163,22.20633069,muscle up,
652,Maximilien,Male,30,6,120,72,174,23.78121284,muscle up,
653,Orella,Female,38,6,120,67,190,18.55955679,weight loss,
654,Kippie,Female,37,11,60,50,168,17.7154195,weight loss,
655,Thane,Male,52,4,60,57,154,24.03440715,weight loss,
656,Tito,Male,45,5,60,84,202,20.58621704,muscle up,
657,Lucias,Male,34,8,120,39,164,14.50029744,weight loss,
658,Augustin,Male,25,9,60,36,190,9.972299169,weight loss,
659,Hayden,Male,40,3,60,82,151,35.96333494,weight loss,
660,Izaak,Non-binary,42,11,60,98,166,35.56394252,weight loss,
661,Pryce,Male,65,8,120,98,181,29.9136168,muscle up,
662,Alyse,Female,40,6,60,93,204,22.34717416,weight loss,
663,Jamill,Male,40,3,120,55,175,17.95918367,weight loss,
664,Alf,Male,55,10,120,89,188,25.18107741,muscle up,
665,Dede,Female,55,2,60,84,151,36.84048945,weight loss,
666,Cosme,Male,62,8,60,94,170,32.52595156,muscle up,
667,Donall,Male,48,9,120,60,152,25.96952909,weight loss,
668,Johnnie,Male,53,5,60,77,174,25.43268596,weight loss,
669,Davie,Male,40,8,120,47,155,19.56295525,weight loss,
670,Bunnie,Female,22,7,60,51,199,12.87846267,weight loss,
671,Violetta,Female,57,6,120,40,172,13.52082207,muscle up,
672,Constantia,Female,19,3,60,41,176,13.23605372,weight loss,
673,Adelice,Female,31,8,60,90,154,37.94906392,weight loss,
674,Cyrus,Male,19,6,120,72,175,23.51020408,weight loss,
675,Rosabelle,Female,28,0,60,82,205,19.51219512,weight loss,
676,Sybila,Female,25,1,120,74,193,19.86630514,muscle up,
677,Lauretta,Female,41,6,120,39,205,9.280190363,muscle up,
678,Hubey,Male,24,0,60,39,201,9.653226405,weight loss,
679,Lemuel,Male,36,2,60,49,153,20.93212012,weight loss,
680,Morgen,Male,48,10,60,38,169,13.30485627,weight loss,
681,Corilla,Female,44,4,60,87,165,31.95592287,weight loss,
682,Shela,Female,18,0,60,39,182,11.77394035,muscle up,
683,Sheffield,Male,39,11,60,43,174,14.20266878,weight loss,
684,Alan,Male,18,4,120,63,196,16.39941691,muscle up,
685,Tobey,Female,47,9,120,44,180,13.58024691,weight loss,
686,Tami,Female,65,5,120,39,197,10.04921539,muscle up,
687,Dorthy,Genderqueer,63,8,120,47,182,14.1891076,muscle up,
688,Fawnia,Female,60,0,60,45,169,15.75575085,muscle up,
689,Alta,Female,34,10,120,41,163,15.43151793,weight loss,
690,Jorrie,Female,32,11,60,67,168,23.73866213,muscle up,
691,Torr,Male,27,5,60,61,181,18.61970025,muscle up,
692,Laverne,Female,61,2,120,94,196,24.46897126,muscle up,
693,Rasla,Female,48,6,120,58,175,18.93877551,weight loss,
694,Dennie,Female,23,11,120,46,179,14.3566056,weight loss,
695,Kylen,Female,54,7,60,39,193,10.47007973,muscle up,
696,Gnni,Female,54,3,60,95,152,41.11842105,muscle up,
697,Nola,Female,19,0,120,43,179,13.42030523,muscle up,
698,Jacqui,Female,41,5,60,95,152,41.11842105,muscle up,
699,Phyllys,Female,22,10,120,55,167,19.72103697,weight loss,
700,Britt,Female,22,5,60,76,189,21.27600011,muscle up,
701,Alvina,Female,31,4,120,78,198,19.89592899,muscle up,
702,Ynes,Female,51,0,120,35,157,14.199359,weight loss,
703,Darleen,Female,40,1,120,50,169,17.50638983,weight loss,
704,Gillan,Female,28,9,60,86,205,20.46400952,weight loss,
705,Eli,Male,44,5,120,79,174,26.0932752,muscle up,
706,Hildegaard,Female,27,9,60,62,163,23.33546614,muscle up,
707,Hedvige,Female,31,2,120,86,164,31.97501487,muscle up,
708,Link,Male,62,5,60,64,181,19.53542322,muscle up,
709,Keri,Female,20,6,120,80,163,30.1102789,muscle up,
710,Mahmoud,Male,57,3,60,76,193,20.4032323,weight loss,
711,Janet,Female,37,7,60,41,169,14.35523966,weight loss,
712,Alicia,Female,51,11,60,40,185,11.68736304,weight loss,
713,Arabela,Female,59,10,60,71,182,21.43460935,muscle up,
714,Lexy,Female,52,0,60,88,156,36.16042078,weight loss,
715,Foss,Male,33,3,60,64,168,22.67573696,muscle up,
716,Dex,Male,64,2,120,86,160,33.59375,muscle up,
717,Murial,Female,25,11,120,67,193,17.98706006,weight loss,
718,Marlowe,Male,28,0,120,79,193,21.20862305,muscle up,
719,Jodi,Female,39,5,120,89,168,31.53344671,weight loss,
720,Merwyn,Male,32,0,120,90,158,36.05191476,weight loss,
721,Linda,Female,38,4,120,36,172,12.16873986,weight loss,
722,Hillie,Male,63,4,60,58,178,18.30576947,weight loss,
723,Shannen,Female,35,1,120,93,178,29.3523545,weight loss,
724,Jodie,Male,46,5,120,70,171,23.93898977,weight loss,
725,Lillis,Female,62,2,120,93,197,23.96351362,muscle up,
726,Clem,Female,23,4,60,95,175,31.02040816,weight loss,
727,Dorolisa,Female,62,10,120,59,171,20.17714852,muscle up,
728,Jolee,Female,56,3,60,84,187,24.02127599,muscle up,
729,Annette,Female,59,9,60,57,161,21.98989237,muscle up,
730,Elsey,Agender,59,1,120,98,182,29.58579882,muscle up,
731,Joshuah,Genderqueer,62,9,60,86,180,26.54320988,weight loss,
732,Felizio,Male,37,3,60,44,178,13.88713546,weight loss,
733,Missie,Female,45,0,120,76,151,33.33187141,muscle up,
734,Correy,Male,45,7,120,79,175,25.79591837,weight loss,
735,Abbe,Male,44,8,120,69,180,21.2962963,weight loss,
736,Husein,Male,62,6,120,47,171,16.07332171,weight loss,
737,Rip,Male,61,0,120,40,165,14.69237833,muscle up,
738,Maureen,Female,39,8,60,39,162,14.86053955,weight loss,
739,Elijah,Male,26,4,60,77,191,21.10687755,muscle up,
740,Lyndel,Female,43,3,120,49,167,17.56965112,weight loss,
741,Otes,Male,31,3,60,73,200,18.25,weight loss,
742,Egon,Male,65,3,60,79,193,21.20862305,muscle up,
743,Dillon,Male,42,0,120,53,164,19.70553242,muscle up,
744,Egon,Male,20,11,120,98,189,27.43484225,muscle up,
745,Fernande,Female,21,4,120,87,168,30.82482993,weight loss,
746,Ephraim,Male,57,11,60,68,166,24.67702134,muscle up,
747,Margette,Female,29,11,60,82,163,30.86303587,muscle up,
748,Talya,Female,41,3,60,87,171,29.75274443,weight loss,
749,Rhiamon,Polygender,59,4,120,83,164,30.85960738,weight loss,
750,Andris,Male,36,3,60,43,195,11.30834977,muscle up,
751,Shelly,Female,33,3,60,65,152,28.13365651,muscle up,
752,Sabina,Female,42,1,120,67,167,24.02380867,muscle up,
753,Bone,Male,33,7,120,72,195,18.93491124,weight loss,
754,Ferdinand,Male,46,4,120,41,188,11.60027162,muscle up,
755,Karena,Female,65,8,120,59,164,21.93634741,muscle up,
756,Vachel,Male,27,2,60,75,189,20.99605274,muscle up,
757,Tonye,Female,64,4,60,97,173,32.41003709,weight loss,
758,Abbey,Female,53,3,60,54,157,21.90758246,weight loss,
759,Jenica,Female,45,0,120,92,170,31.83391003,muscle up,
760,Emlynn,Agender,61,10,120,94,185,27.46530314,muscle up,
761,Aurore,Female,20,0,120,60,153,25.6311675,muscle up,
762,Mareah,Female,35,1,120,43,179,13.42030523,muscle up,
763,Ivett,Female,27,6,60,65,187,18.58789213,muscle up,
764,Sutherlan,Male,31,9,120,59,161,22.76146754,weight loss,
765,Randene,Female,64,3,60,95,154,40.05734525,weight loss,
766,Jeremy,Bigender,64,9,60,78,166,28.30599506,muscle up,
767,Adan,Bigender,25,0,120,56,196,14.57725948,weight loss,
768,Augustine,Male,54,5,60,74,194,19.66202572,weight loss,
769,Gertrude,Female,27,6,60,47,160,18.359375,muscle up,
770,Riley,Agender,39,1,60,98,157,39.7582052,weight loss,
771,Gilles,Male,61,11,60,85,176,27.44059917,weight loss,
772,Lianne,Female,56,3,120,35,154,14.7579693,weight loss,
773,Bay,Male,46,5,60,86,201,21.28660182,muscle up,
774,Alasdair,Male,29,2,60,87,173,29.06879615,weight loss,
775,Norby,Male,31,3,60,36,165,13.2231405,weight loss,
776,Neilla,Female,51,1,60,52,153,22.2136785,weight loss,
777,Krishnah,Male,64,6,60,37,193,9.933152568,muscle up,
778,Thaddus,Male,50,8,60,62,199,15.6561703,weight loss,
779,Gus,Female,38,8,60,57,153,24.34960912,muscle up,
780,Emma,Female,38,5,60,73,150,32.44444444,muscle up,
781,Abbe,Female,30,8,120,56,153,23.922423,muscle up,
782,Nicola,Male,65,8,60,87,167,31.19509484,muscle up,
783,Diandra,Female,52,2,60,41,162,15.6226185,weight loss,
784,Pier,Female,41,4,120,86,178,27.1430375,weight loss,
785,Byrann,Male,48,11,60,80,167,28.68514468,weight loss,
786,Pincas,Male,30,8,60,88,186,25.43646664,weight loss,
787,Udale,Male,37,10,120,95,192,25.77039931,muscle up,
788,Hugh,Male,27,7,120,84,182,25.35925613,weight loss,
789,Sheridan,Male,23,0,120,75,194,19.92772877,weight loss,
790,Joly,Female,37,9,120,89,194,23.64757147,muscle up,
791,Tadd,Male,27,5,60,91,170,31.48788927,weight loss,
792,Yolanda,Female,38,4,60,55,151,24.12174905,weight loss,
793,Lezlie,Female,62,3,120,63,157,25.5588462,muscle up,
794,Nady,Female,48,9,120,49,203,11.89060642,weight loss,
795,Dela,Bigender,49,10,120,43,204,10.3325644,weight loss,
796,Olivia,Female,29,11,120,47,151,20.613131,muscle up,
797,Nevsa,Female,45,5,60,36,150,16,weight loss,
798,Boycey,Male,22,3,60,63,170,21.79930796,weight loss,
799,Vida,Female,54,4,120,41,166,14.87879228,weight loss,
800,Malynda,Non-binary,27,3,60,56,154,23.61275089,muscle up,
801,Evy,Bigender,25,1,120,46,162,17.52781588,weight loss,
802,Susi,Bigender,18,9,120,65,190,18.00554017,muscle up,
803,Erv,Male,51,0,60,82,156,33.69493754,weight loss,
804,Cooper,Male,42,5,60,87,195,22.87968442,weight loss,
805,Mindy,Female,25,6,120,36,179,11.23560438,weight loss,
806,Lissie,Female,51,10,60,45,177,14.3636886,muscle up,
807,Ruben,Male,22,2,120,98,171,33.51458568,weight loss,
808,Corabel,Female,27,1,60,47,167,16.8525225,weight loss,
809,Toby,Male,29,7,120,42,197,10.82223196,weight loss,
810,Erik,Male,31,10,60,46,202,11.27340457,muscle up,
811,Chadwick,Male,49,3,120,88,191,24.12214577,weight loss,
812,Marielle,Genderqueer,23,6,120,76,152,32.89473684,muscle up,
813,Brennen,Male,35,8,120,59,199,14.89861367,muscle up,
814,Cassy,Female,51,3,60,55,183,16.42330317,muscle up,
815,Earle,Male,55,7,60,59,201,14.60359892,muscle up,
816,Gannon,Male,51,2,60,98,197,25.25187457,weight loss,
817,Blancha,Female,25,5,60,58,180,17.90123457,muscle up,
818,Ahmad,Male,18,3,60,91,168,32.24206349,muscle up,
819,Rosalind,Female,53,4,60,81,171,27.70083102,weight loss,
820,Winona,Female,22,6,60,42,185,12.27173119,weight loss,
821,Jo ann,Female,61,11,60,57,155,23.72528616,muscle up,
822,Jayme,Male,58,7,120,39,150,17.33333333,muscle up,
823,Tiphani,Female,27,9,120,62,181,18.92494124,muscle up,
824,Pansie,Female,51,6,120,80,181,24.41927902,muscle up,
825,Ninetta,Female,64,1,120,78,203,18.9279041,weight loss,
826,Ellwood,Male,27,2,120,51,201,12.62344991,weight loss,
827,Erinna,Female,29,8,120,74,194,19.66202572,weight loss,
828,Lauren,Female,49,0,60,49,169,17.15626204,muscle up,
829,Denis,Male,65,1,120,53,181,16.17777235,weight loss,
830,Burgess,Male,56,2,60,77,152,33.32756233,weight loss,
831,Parrnell,Male,63,2,60,71,178,22.40878677,weight loss,
832,Anet,Female,39,0,120,35,195,9.204470743,weight loss,
833,Hew,Male,18,7,120,86,180,26.54320988,muscle up,
834,Ynes,Female,53,8,60,83,205,19.75014872,weight loss,
835,Tedra,Female,44,11,120,61,165,22.40587695,weight loss,
836,Dennet,Male,33,0,60,65,160,25.390625,muscle up,
837,Ryley,Male,52,0,60,68,185,19.86851717,weight loss,
838,Quinlan,Male,31,10,60,52,182,15.69858713,weight loss,
839,Terrie,Female,64,5,120,57,203,13.83192992,weight loss,
840,Aymer,Male,25,9,60,59,167,21.1552942,muscle up,
841,Aime,Female,45,4,60,84,153,35.8836345,weight loss,
842,Olympia,Female,61,6,120,49,200,12.25,weight loss,
843,Far,Male,54,1,60,87,158,34.85018427,muscle up,
844,Lila,Female,33,3,120,79,203,19.17056954,weight loss,
845,Clay,Male,27,11,120,81,193,21.74555022,weight loss,
846,Marmaduke,Genderfluid,61,7,120,88,200,22,muscle up,
847,Rosina,Female,54,10,120,43,201,10.64330091,weight loss,
848,Delcina,Female,35,5,120,42,202,10.29310852,muscle up,
849,Levey,Genderfluid,63,10,60,48,159,18.98659072,muscle up,
850,Teodorico,Male,61,8,60,47,162,17.90885536,muscle up,
851,Rickard,Male,46,5,60,92,187,26.30901656,muscle up,
852,Sonnie,Female,33,8,120,87,196,22.64681383,muscle up,
853,King,Male,25,8,60,49,195,12.88625904,muscle up,
854,Valentine,Female,55,2,60,49,178,15.46521904,muscle up,
855,Tailor,Male,25,3,60,78,182,23.54788069,weight loss,
856,Juliette,Non-binary,56,7,60,37,162,14.0984606,weight loss,
857,Florri,Female,38,2,120,86,186,24.85836513,weight loss,
858,Sollie,Male,21,3,60,54,174,17.83590963,weight loss,
859,Caryl,Female,44,9,120,54,200,13.5,weight loss,
860,Morgen,Female,33,8,60,94,163,35.3795777,muscle up,
861,Desi,Male,40,10,120,46,152,19.9099723,muscle up,
862,Lucie,Female,59,5,60,49,152,21.20844875,weight loss,
863,Roma,Male,56,5,60,87,200,21.75,muscle up,
864,Danita,Female,54,6,60,84,186,24.28026361,muscle up,
865,Angie,Male,61,8,120,47,178,14.83398561,muscle up,
866,Caitlin,Female,25,2,60,92,165,33.79247016,weight loss,
867,Morena,Female,65,9,120,38,182,11.47204444,muscle up,
868,Rhea,Female,57,2,120,67,162,25.52964487,muscle up,
869,Colette,Female,38,7,120,81,197,20.87144734,weight loss,
870,Carie,Female,31,7,120,85,186,24.56931437,muscle up,
871,Meghann,Female,30,4,60,93,179,29.02531132,weight loss,
872,Ase,Male,63,3,60,83,159,32.83097979,weight loss,
873,Edythe,Female,38,6,60,92,170,31.83391003,weight loss,
874,Lacey,Female,50,1,120,82,181,25.029761,weight loss,
875,Leslie,Female,48,3,60,56,166,20.32225287,weight loss,
876,Julianne,Female,35,4,120,51,171,17.44126398,weight loss,
877,Danila,Female,59,7,60,41,158,16.42365006,muscle up,
878,Mohammed,Male,43,3,120,84,162,32.00731596,muscle up,
879,Magda,Female,47,9,120,88,175,28.73469388,weight loss,
880,Marcus,Male,42,2,120,74,172,25.01352082,weight loss,
881,Berk,Male,30,0,60,44,190,12.18836565,weight loss,
882,Calla,Agender,43,5,60,96,166,34.83814777,weight loss,
883,Cortney,Female,41,9,60,97,170,33.56401384,weight loss,
884,Dannye,Bigender,65,0,60,96,203,23.29588197,weight loss,
885,Trudey,Non-binary,58,6,60,96,187,27.45288684,weight loss,
886,Tawnya,Female,57,3,60,75,150,33.33333333,muscle up,
887,Hilton,Male,45,9,120,91,186,26.30361892,weight loss,
888,Reinold,Male,39,0,120,97,170,33.56401384,muscle up,
889,Fairlie,Male,59,6,60,42,162,16.00365798,weight loss,
890,Isidoro,Male,18,7,60,87,177,27.76979795,weight loss,
891,Adolphus,Male,21,6,60,60,176,19.36983471,muscle up,
892,Donn,Male,21,9,60,79,191,21.65510814,weight loss,
893,Karisa,Female,32,4,60,62,190,17.17451524,weight loss,
894,Rheta,Female,50,11,60,57,182,17.20806666,weight loss,
895,Dominic,Male,53,10,60,77,174,25.43268596,weight loss,
896,Noelle,Polygender,23,9,120,35,160,13.671875,weight loss,
897,Chance,Agender,18,6,60,59,158,23.63403301,weight loss,
898,Jorge,Male,52,1,120,70,204,16.82045367,muscle up,
899,Colby,Male,40,0,120,48,150,21.33333333,weight loss,
900,Jameson,Male,25,4,120,86,178,27.1430375,muscle up,
901,Cordy,Male,32,4,120,76,150,33.77777778,weight loss,
902,Rickie,Female,39,1,120,81,179,25.28010986,weight loss,
903,Terese,Female,39,9,60,94,177,30.00414951,muscle up,
904,Ianthe,Bigender,37,5,60,76,192,20.61631944,weight loss,
905,Torry,Agender,20,3,120,97,170,33.56401384,muscle up,
906,Brook,Male,20,11,60,50,176,16.14152893,muscle up,
907,Gillian,Female,19,4,60,56,172,18.92915089,muscle up,
908,Karl,Male,27,2,120,92,151,40.3491075,weight loss,
909,Enrichetta,Female,45,10,60,62,164,23.05175491,weight loss,
910,Berne,Male,65,7,60,63,199,15.90868917,weight loss,
911,Thorin,Male,35,3,120,93,194,24.71038368,muscle up,
912,Lannie,Male,43,1,60,85,150,37.77777778,weight loss,
913,Zea,Female,26,2,60,80,204,19.22337562,muscle up,
914,Donn,Male,44,0,60,65,174,21.46915048,muscle up,
915,Moira,Female,43,9,120,37,174,12.22090104,weight loss,
916,Waylen,Male,33,10,60,98,168,34.72222222,muscle up,
917,Tate,Female,25,1,120,97,158,38.85595257,weight loss,
918,Ilene,Female,47,11,120,90,188,25.46401086,muscle up,
919,Hunfredo,Male,18,4,60,70,174,23.1206236,muscle up,
920,Amabel,Female,20,11,120,45,175,14.69387755,muscle up,
921,Ellis,Male,18,5,120,78,189,21.83589485,weight loss,
922,Hali,Female,18,2,60,79,182,23.8497766,muscle up,
923,Leola,Female,42,11,60,78,196,20.30403998,weight loss,
924,Camella,Female,32,1,60,38,150,16.88888889,muscle up,
925,Baird,Male,30,11,60,50,150,22.22222222,weight loss,
926,Portie,Non-binary,50,8,120,65,150,28.88888889,muscle up,
927,Raddy,Male,38,10,120,54,187,15.44224885,weight loss,
928,Nels,Male,31,5,60,36,203,8.735955738,muscle up,
929,Tully,Male,27,10,120,85,175,27.75510204,muscle up,
930,Arin,Genderfluid,32,9,60,82,173,27.39817568,muscle up,
931,George,Female,33,8,120,58,205,13.80130874,muscle up,
932,Bellina,Female,28,6,60,81,196,21.0849646,muscle up,
933,Brooke,Male,30,8,120,90,202,22.05666111,muscle up,
934,Rafaelita,Female,59,5,120,62,161,23.91883029,muscle up,
935,Siward,Male,25,7,60,73,202,17.8904029,weight loss,
936,Jennifer,Female,51,7,60,63,180,19.44444444,muscle up,
937,Andreas,Male,40,11,120,41,203,9.949282924,weight loss,
938,Rollie,Male,65,5,60,90,192,24.4140625,muscle up,
939,Saw,Bigender,23,8,60,85,153,36.31082062,muscle up,
940,Nobe,Male,42,10,60,47,161,18.13201651,muscle up,
941,Barny,Male,32,0,60,54,180,16.66666667,weight loss,
942,Nollie,Male,37,9,60,84,201,20.79156457,weight loss,
943,Gasparo,Male,18,6,60,67,190,18.55955679,weight loss,
944,Jacky,Female,62,6,120,87,175,28.40816327,weight loss,
945,Olive,Female,25,11,120,76,171,25.99090318,weight loss,
946,Tybi,Female,53,1,60,83,205,19.75014872,muscle up,
947,My,Male,37,1,120,73,199,18.43387793,weight loss,
948,Georgiana,Female,36,7,60,60,160,23.4375,weight loss,
949,Sandie,Female,52,10,60,45,165,16.52892562,muscle up,
950,Otes,Male,48,5,60,57,161,21.98989237,weight loss,
951,Fletch,Male,56,3,120,47,153,20.07774787,muscle up,
952,Marvin,Male,63,9,60,70,159,27.68877813,weight loss,
953,Jillayne,Polygender,33,10,60,67,159,26.50211621,muscle up,
954,Jeanna,Female,48,11,60,72,195,18.93491124,muscle up,
955,Genia,Genderqueer,53,0,120,53,172,17.91508924,muscle up,
956,Neddy,Male,31,2,60,49,155,20.39542144,weight loss,
957,Sandor,Male,65,8,60,63,166,22.86253448,weight loss,
958,Corissa,Female,65,7,60,54,167,19.36247266,weight loss,
959,Cobb,Polygender,57,3,60,95,164,35.32123736,muscle up,
960,Brade,Male,35,6,120,84,166,30.4833793,muscle up,
961,Brocky,Male,47,8,60,41,177,13.08691628,muscle up,
962,Holt,Male,34,7,120,84,166,30.4833793,muscle up,
963,Ynez,Female,49,3,60,73,163,27.47562949,weight loss,
964,Juliet,Female,26,4,60,44,176,14.20454545,muscle up,
965,Hewe,Male,58,7,60,83,172,28.05570579,muscle up,
966,Ashton,Male,54,11,60,89,187,25.45111384,weight loss,
967,Mahalia,Female,22,9,60,67,163,25.21735858,muscle up,
968,Freddie,Female,32,4,120,77,161,29.70564407,muscle up,
969,Quinn,Male,46,1,60,80,205,19.03628792,muscle up,
970,Cleo,Female,47,5,120,94,171,32.14664341,weight loss,
971,Rubin,Male,62,10,60,37,178,11.67781846,weight loss,
972,Emili,Female,19,0,120,66,169,23.10843458,muscle up,
973,Gina,Female,64,7,60,93,195,24.45759369,muscle up,
974,Deva,Female,56,7,60,84,171,28.72678773,muscle up,
975,Tessy,Female,31,2,60,75,200,18.75,muscle up,
976,Olga,Female,22,10,60,61,158,24.43518667,muscle up,
977,Leopold,Male,35,10,120,82,172,27.71768524,muscle up,
978,Cesaro,Male,36,7,60,60,159,23.7332384,muscle up,
979,Anthea,Female,63,3,60,69,196,17.96126614,muscle up,
980,Jude,Male,43,0,60,47,157,19.06771066,weight loss,
981,Carver,Male,27,8,60,90,200,22.5,weight loss,
982,Neddy,Male,53,6,120,47,155,19.56295525,muscle up,
983,Carri,Female,22,1,120,92,185,26.88093499,weight loss,
984,Westbrooke,Agender,37,11,120,39,154,16.44459437,weight loss,
985,Lewes,Male,34,1,60,97,172,32.78799351,muscle up,
986,Erv,Male,31,10,60,86,175,28.08163265,muscle up,
987,Loree,Polygender,57,4,60,70,165,25.71166208,muscle up,
988,Ariella,Female,47,2,120,90,165,33.05785124,muscle up,
989,Deanne,Female,62,9,60,83,189,23.2356317,muscle up,
990,Marni,Female,54,0,60,35,179,10.92350426,muscle up,
991,Emelen,Male,60,0,120,40,157,16.22783886,weight loss,
992,Ignacio,Male,31,3,60,81,205,19.27424152,muscle up,
993,Diane-marie,Female,49,0,120,58,177,18.51319863,weight loss,
994,Emmie,Female,62,11,120,47,152,20.34279778,weight loss,
995,Tanny,Male,37,9,120,65,170,22.49134948,muscle up,
996,Marshall,Genderqueer,65,10,120,92,163,34.62682073,weight loss,
997,Goldia,Female,47,9,60,85,186,24.56931437,weight loss,
998,Marjie,Agender,33,3,60,64,203,15.53058798,muscle up,
999,Rubie,Female,45,5,120,65,205,15.46698394,muscle up,
1000,Antonio,Bigender,61,1,60,48,156,19.72386588,weight loss,